,Field,Telescope,SDSS ID,nvisits,SNR,J_M,J_M_e,H_M,H_M_e,K_M,K_M_e,RA,Dec,Star Flags (bitwise),Star Flags (spelled),ASPCAP Flags (bitwise),ASPCAP Flags (spelled),teff,teff_e,logg,logg_e,vscatter,vsini,SLs,Fe_H,Fe_H_e,radius,P_joker,e_joker,K_joker,P_rsync,RHS_joker,RHS_rsync,CO_mass_joker,CO_mass_rsync
5,100-60,apo25m,2M00031962-0017109,6.0,315.99847,10.664,0.023,10.42,0.025,10.379,0.025,0.83175,-0.286375,8388608.0,SUSPECT_ROTATION,64.0,N_M_WARN,6094.2744,35.599487,4.0134206,0.021947207,25.30714,45.12321,1.0,-0.023902,-0.023902,2.117,184366.72897338867,0.009891241788864136,127.75693360551038,205079.73263736427,0.4541058142605392,0.0039851866424045574,2.3640203334346643,1.1767125784188797
52,110-62_MGA,apo25m,2M00294317-0104343,4.0,139.48822,11.157,0.027,10.918,0.022,10.843,0.021,7.429879,-1.076207,16777216.0,MTPFLUX_LT_75,0.0,,6103.2075,46.062862,4.0933123,0.030474355,10.379122,15.534598,1.0,-0.173,-0.173,1.641,172236.24687194824,0.0226708073168993,237.0366113136556,461753.7526155578,2.65722830724229,0.0006189976562449087,5.10826815839505,1.0902803946664255
60,120-30,apo25m,2M00325201+3316471,3.0,114.09875,12.184,0.024,11.957,0.032,11.766,0.022,8.216713,33.279755,0.0,,4.0,VMICRO_WARN,5890.115,39.33724,4.3360806,0.029422665,9.803916,14.852515,1.0,-0.055423,-0.055423,1.517,230444.68688964844,0.0006231428124010563,123.81907483696799,446465.0351551059,0.5239864015418176,0.0005044091058167155,2.4751824157531264,1.0840012729224364
64,120-06,apo25m,2M00334175+5759026,3.0,332.97913,10.411,0.023,9.844,0.028,9.752,0.02,8.423981,57.984058,0.0,,708.0,"VMICRO_WARN,N_M_WARN,STAR_WARN,COLORTE_WARN",4743.8115,13.72487,4.472014,0.021167384,2.0977879,10.587659,1.0,-0.21986,-0.21986,1.004,258551.63497924805,0.0380176343023777,127.55598102740123,414510.59826139634,0.607011832864407,4.587933220251731e-06,2.6016384805813146,1.0168023121596077
116,123-63_MGA,apo25m,2M00484890-0023195,3.0,15.710821,10.77,0.027,10.318,0.027,10.218,0.025,12.203787,-0.388775,58721280.0,"PERSIST_MED,SUSPECT_ROTATION,MTPFLUX_LT_75,MTPFLUX_LT_50",134217764.0,"VMICRO_WARN,C_M_WARN,SN_BAD",4813.915,52.908413,4.1734414,0.10482843,2.3532643,43.53114,1.0,-0.73707,-0.73707,1.611,130512.11929321289,0.17538060247898102,178.2107480082177,161769.77127931852,0.6631771612929805,2.527587571882517e-06,2.6843790485105936,1.0137465600628466
209,sgr_tidal15,lco25m,2M01230834-0803007,4.0,93.07038,12.843,0.024,12.468,0.023,12.398,0.021,20.784764,-8.050198,0.0,,68.0,"VMICRO_WARN,N_M_WARN",5243.0737,31.52618,3.9786696,0.038735,42.207573,26.163754,1.0,-0.40998,-0.40998,1.92,155373.1533050537,0.04976936802268028,155.68183800954998,320776.86844759696,0.6510736077264692,0.028918176539116033,2.6667184073322767,1.3805677162118952
212,140-60,apo25m,2M01232203+0142453,3.0,307.6233,10.277,0.024,9.849,0.024,9.765,0.024,20.841804,1.712609,2048.0,PERSIST_LOW,68.0,"VMICRO_WARN,N_M_WARN",5062.399,12.179967,3.8459265,0.03177784,39.645638,15.624278,1.0,-0.82676,-0.82676,1.929,147787.94174194336,0.041535861790180206,175.64918634188538,539677.2883276356,0.9010273011359891,0.040319681767396816,3.0163648393144165,1.43657747983367
286,160-60,apo25m,2M02003703-0338560,4.0,245.45863,10.407,0.023,10.091,0.022,9.995,0.026,30.154309,-3.648907,8388608.0,SUSPECT_ROTATION,64.0,N_M_WARN,5464.9746,23.215528,4.102594,0.022117916,52.419544,38.610016,1.0,-0.17514,-0.17514,1.378,131941.68434143066,0.20940984785556793,156.9205422089576,156009.5225313107,0.42968010466123696,0.02694185808971426,2.3239290800781456,1.369748360548641
301,151-45_MGA,apo25m,2M02110825+1219306,3.0,670.1787,8.019,0.021,7.819,0.024,7.747,0.02,32.784402,12.325182,0.0,,64.0,N_M_WARN,6357.1743,42.154114,4.401506,0.021567862,22.04928,12.319696,1.0,0.030388,0.030388,1.397,174778.75442504883,0.007009285036474466,142.5585725835202,495676.4508988013,0.6007353056589302,0.006370569303060535,2.592261595837151,1.2105664936228855
317,173-61,lco25m,2M02205070-0615283,3.0,122.49536,12.171,0.026,11.75,0.025,11.606,0.025,35.21129,-6.257874,0.0,,68.0,"VMICRO_WARN,N_M_WARN",4672.0557,11.78508,3.9411702,0.03323409,16.6589,13.289235,1.0,-0.4335,-0.4335,2.485,160544.38705444336,0.04419330134987831,138.67476116780762,817388.0486904643,0.47966632682026455,0.004530686034101887,2.4052532342843174,1.1853328739779294
335,146-24_btx,apo25m,2M02270842+3423205,3.0,491.64426,9.717,0.023,9.145,0.023,8.994,0.02,36.785111,34.389034,8388608.0,SUSPECT_ROTATION,16452.0,"VMICRO_WARN,N_M_WARN,VSINI_WARN",4316.875,11.144343,3.7619848,0.023081332,46.65601,52.820198,1.0,-0.41347,-0.41347,3.1,192432.2250366211,0.013607663102447987,115.85530671438877,256544.9916797926,0.3514769510610973,0.03123798754258865,2.1902117441572306,1.3927834644542711
364,W34_btx,apo25m,2M02330715+6122567,4.0,51.993103,13.299,0.021,12.893,0.021,12.784,0.027,38.279823,61.382439,16777216.0,MTPFLUX_LT_75,0.0,,6381.9004,96.728485,4.036881,0.08410707,6.4984093,15.156539,1.0,-0.45325,-0.45325,1.83,158906.49032592773,0.12300269305706024,145.99658717434903,527779.9894365629,0.48692700064448724,0.00017364841592103228,2.4168402343145954,1.0579249197392537
375,150-30,apo25m,2M02353692+2614404,3.0,296.59854,10.572,0.024,10.206,0.025,10.099,0.022,38.903848,26.244574,8388608.0,SUSPECT_ROTATION,708.0,"VMICRO_WARN,N_M_WARN,STAR_WARN,COLORTE_WARN",4924.869,19.213041,4.289072,0.02895948,60.415054,41.171806,1.0,-0.57813,-0.57813,1.111,135249.66430664062,0.03816397860646248,185.7166427061463,117954.90710865526,0.9797988946405366,0.031185178730781984,3.1213095270290143,1.3925107592924715
487,146-04,apo25m,2M03305255+5238296,3.0,192.62169,11.616,0.019,11.228,0.028,11.107,0.023,52.718976,52.641567,0.0,,68.0,"VMICRO_WARN,N_M_WARN",6084.551,40.81245,4.222752,0.026986767,15.781855,10.339512,1.0,-0.25668,-0.25668,1.769,133473.3913421631,0.135331928730011,184.58564157700775,747876.1144824204,0.8092063755522186,0.003524524470314892,2.8912129913490388,1.1688683568359393
506,194-44_MGA,apo25m,2M03374148-0659308,4.0,347.68997,8.593,0.02,8.205,0.029,8.121,0.023,54.422872,-6.991902,8390656.0,"PERSIST_LOW,SUSPECT_ROTATION",16452.0,"VMICRO_WARN,N_M_WARN,VSINI_WARN",4926.8315,15.599407,4.471443,0.02123535,27.049774,51.01525,1.0,-0.19672,-0.19672,1.125,181360.00442504883,0.005564437247812748,124.64346218971565,96394.97053293756,0.41755310752501623,0.0022873994811443443,2.303754331061147,1.1441352227133548
527,194-44_MGA,apo25m,2M03424832-0543328,4.0,171.92778,11.243,0.026,10.937,0.023,10.798,0.019,55.701345,-5.725792,0.0,,644.0,"VMICRO_WARN,STAR_WARN,COLORTE_WARN",5997.1616,37.57722,4.0430655,0.027885122,57.516285,29.403566,1.0,-0.11406,-0.11406,1.415,169434.0431213379,0.004526514559984207,188.5162056673131,210357.64865254256,1.3517239549110565,0.04798743195299868,3.594518935664655,1.469760298331222
581,PLEIADES-E,apo25m,2M03493939+2317244,3.0,370.92935,9.693,0.02,9.364,0.024,9.256,0.02,57.414159,23.290129,2048.0,PERSIST_LOW,68.0,"VMICRO_WARN,N_M_WARN",5406.8105,21.636997,4.4906087,0.021144666,19.802546,10.090206,1.0,-0.11112,-0.11112,0.942,134048.78311157227,0.11273796856403351,140.6753548038142,408086.98267894203,0.3739310247118119,0.0037993784459354795,2.229536335283946,1.1736172355997236
594,158-12,apo25m,2M03534279+3708076,3.0,77.275375,12.843,0.024,12.19,0.031,12.009,0.023,58.428325,37.135471,0.0,,4.0,VMICRO_WARN,4900.2793,19.356867,4.4602795,0.027467087,20.716228,14.384672,1.0,-0.016727,-0.016727,1.129,161391.49475097656,0.026596076786518097,207.61480114455264,343080.3544601686,1.6629988084765797,0.003656997109800693,3.9709291455772933,1.1711837696666783
625,K2_C4_173-23_btx,apo25m,2M04035349+1904150,3.0,103.94241,9.177,0.021,8.724,0.021,8.636,0.017,60.972903,19.07086,8390656.0,"PERSIST_LOW,SUSPECT_ROTATION",708.0,"VMICRO_WARN,N_M_WARN,STAR_WARN,COLORTE_WARN",4751.3945,18.246435,4.483417,0.029855907,1.2164427,35.768444,1.0,-0.2725,-0.2725,1.348,173283.38470458984,0.09555310755968094,221.48761587469932,164737.21363277984,1.9416752477811285,3.5551948329454673e-07,4.297781969868176,1.0071178215139098
705,158-04,apo25m,2M04244157+4331038,3.0,101.93587,12.834,0.023,12.16,0.022,11.957,0.022,66.173224,43.517746,0.0,,64.0,N_M_WARN,4506.9004,16.48234,3.8179646,0.032412816,19.398748,14.105874,1.0,-0.38321,-0.38321,3.833,176368.57223510742,0.06382216513156891,156.02296599648727,1187792.806442135,0.7274799698629882,0.010395814353928994,2.7767920793577874,1.2537665956446045
821,K2_C13_180-12_btx,apo25m,2M04570892+2225446,3.0,9.164909,13.085,0.024,12.67,0.023,12.587,0.026,74.287181,22.429062,58720272.0,"LOW_SNR,SUSPECT_ROTATION,MTPFLUX_LT_75,MTPFLUX_LT_50",134217921.0,"TEFF_WARN,N_M_WARN,STAR_WARN,SN_BAD",5646.5703,346.5689,3.60963,0.25376564,2.392666,13.743585,1.0,-0.23936,-0.23936,1.945,260263.87481689453,0.13217012584209442,130.1181706207402,618616.4218003098,0.5557460087182162,1.015931438394895e-05,2.5242012176173114,1.0219745746496443
927,ORIONOB1AB-D,apo25m,2M05202650-0300325,3.0,82.54029,12.848,0.024,12.095,0.024,11.712,0.019,80.110432,-3.009055,0.0,,708.0,"VMICRO_WARN,N_M_WARN,STAR_WARN,COLORTE_WARN",3493.741,7.4236197,4.402063,0.024170034,1.0901994,12.48533,1.0,,,1.102,362842.49267578125,0.034892644733190536,137.0312904121277,385818.8485255682,1.0612984817410214,5.993741064888318e-07,3.227874574705143,1.0084790985520409
945,ORIONOB1AB-C,apo25m,2M05252037-0158368,4.0,112.02503,11.796,0.024,11.172,0.027,10.983,0.024,81.334911,-1.97691,2048.0,PERSIST_LOW,708.0,"VMICRO_WARN,N_M_WARN,STAR_WARN,COLORTE_WARN",4104.4385,11.510292,4.2164893,0.02744958,7.2392993,14.47105,1.0,-0.27995,-0.27995,1.293,131195.2766418457,0.4596000909805298,245.75687961058844,390571.32271250914,0.9274806834681361,0.00017765877783943568,3.0518386414665373,1.0583843467235787
1002,279-32-O,lco25m,2M05311226-6825508,4.0,290.1068,10.93,0.026,10.57,0.024,10.516,0.025,82.801098,-68.430786,8388608.0,SUSPECT_ROTATION,16384.0,VSINI_WARN,5625.7324,19.950125,3.7735791,0.015008227,30.07335,59.813614,1.0,0.32457,0.32457,3.152,177866.3314819336,0.04239879548549652,137.49313414603816,230349.90464514733,0.5194102661033607,0.007511560742276781,2.46804749023175,1.2241098751925934
1179,Berkeley_20_btx,apo25m,2M05363621-0112076,3.0,111.79128,11.78,0.022,11.247,0.031,11.113,0.019,84.150901,-1.202134,58720256.0,"SUSPECT_ROTATION,MTPFLUX_LT_75,MTPFLUX_LT_50",68.0,"VMICRO_WARN,N_M_WARN",4673.5054,18.548292,4.27781,0.03330082,50.306805,33.442596,1.0,-0.40245,-0.40245,1.44,147911.5997314453,0.006558301392942667,154.35460303132518,188219.39858421776,0.6457602194757665,0.028730376018523587,2.6589370130391603,1.3795566812935904
1223,ORIONB-B,apo25m,2M05383268-0231156,3.0,56.68837,12.554,0.028,12.191,0.024,12.115,0.028,84.636174,-2.521004,2048.0,PERSIST_LOW,4.0,VMICRO_WARN,5852.7935,43.272705,4.196026,0.033756632,25.385162,15.307351,1.0,-0.034064,-0.034064,1.324,627092.6330566406,0.2184191644191742,92.76148449520696,378085.32071311394,0.41466019040601526,0.0074152595082441425,2.298913773271842,1.2230149440292553
1236,ORIONA-D,apo25m,2M05385437-0728014,3.0,86.68323,12.704,0.021,12.122,0.027,11.958,0.026,84.72655,-7.467056,8388608.0,SUSPECT_ROTATION,708.0,"VMICRO_WARN,N_M_WARN,STAR_WARN,COLORTE_WARN",4309.5767,15.9867,4.331216,0.036459986,32.21275,36.982815,1.0,-0.50296,-0.50296,0.834,129640.36445617676,0.30167317390441895,212.32913447750386,98575.26592237056,0.868268050496809,0.0039504637783142095,2.9720880097601654,1.1761407651073177
1282,LAMBDAORI-A,apo25m,2M05403062+0920387,3.0,95.66719,11.341,0.024,10.79,0.024,10.637,0.021,85.127598,9.344102,0.0,,708.0,"VMICRO_WARN,N_M_WARN,STAR_WARN,COLORTE_WARN",4573.072,15.284049,4.26626,0.027273778,3.8570745,13.791136,1.0,-0.1438,-0.1438,1.599,151749.79705810547,0.05503775551915169,132.01112109147357,506815.9734708973,0.38448383254172047,3.486752307457003e-05,2.247742078843844,1.0333930608167294
1414,M35N2158_btx,apo25m,2M06093847+2440341,3.0,94.54561,12.333,0.024,12.128,0.022,12.04,0.02,92.410311,24.676149,50331652.0,"BRIGHT_NEIGHBOR,MTPFLUX_LT_75,MTPFLUX_LT_50",0.0,,6657.0894,74.21631,4.189859,0.039170142,15.8189125,18.080067,1.0,-0.044322,-0.044322,1.428,138387.07122802734,0.001435738173313439,139.941904387442,345247.10345357173,0.45373220521691254,0.0016385384447713499,2.363412338875083,1.1277302316497548
1452,N2243-S,lco25m,2M06275333-3159469,3.0,112.645386,12.633,0.023,12.148,0.024,12.064,0.023,96.972242,-31.996368,0.0,,4.0,VMICRO_WARN,4673.793,11.542398,3.8146224,0.0302193,16.537169,15.513152,1.0,-0.15913,-0.15913,2.87,172378.25889587402,0.005170363932847977,158.15560129260552,808693.0684523613,0.8112524380077576,0.004384942826478996,2.8940386787562016,1.1830928877696723
1461,210-04,apo25m,2M06302812+0210543,3.0,71.18922,11.845,0.024,11.295,0.022,11.188,0.021,97.617178,2.181769,2048.0,PERSIST_LOW,0.0,,4784.8384,14.969055,3.8610122,0.033686105,34.899334,10.115794,1.0,-0.079318,-0.079318,2.14,225109.16290283203,0.00401727482676506,171.03925752441563,924731.5355530524,1.3423167519275974,0.047126350229482916,3.582909886502953,1.4661736037705428
1524,180+12,apo25m,2M06361941+3556275,3.0,117.7625,12.493,0.02,11.83,0.022,11.702,0.018,99.080915,35.940987,0.0,,708.0,"VMICRO_WARN,N_M_WARN,STAR_WARN,COLORTE_WARN",4359.3486,13.557023,4.4088717,0.028011084,23.416113,12.011576,1.0,-0.28481,-0.28481,0.747,175581.12030029297,0.0027809489984065294,121.31981830596105,271845.7076406139,0.37433086688468686,0.004184693131873067,2.230229250544013,1.1799420266030016
1686,251-12,lco25m,2M07185814-3924298,3.0,152.62254,12.151,0.024,11.52,0.023,11.336,0.022,109.74229,-39.408287,0.0,,708.0,"VMICRO_WARN,N_M_WARN,STAR_WARN,COLORTE_WARN",4268.332,11.453961,4.4528246,0.024272762,21.302765,14.672359,1.0,-0.26576,-0.26576,1.057,153292.14363098145,0.01931299827992916,171.17861995360786,314903.08431265305,0.8952839706359769,0.003649905030529558,3.008630574932517,1.17106109206006
1815,191+24_MGA,apo25m,2M07490491+2857515,3.0,137.54836,10.986,0.019,10.774,0.019,10.769,0.016,117.270468,28.964323,4.0,BRIGHT_NEIGHBOR,64.0,N_M_WARN,6087.8867,52.925507,3.9239771,0.03795935,2.4211876,15.100802,1.0,-0.42063,-0.42063,1.9,131047.72338867188,0.40662088990211487,177.41717949502987,549990.8438365852,0.4010620715782316,9.359173603613269e-06,2.2760116024974426,1.02137344353512
1826,176+29_MGA,apo25m,2M07512194+4434425,5.0,392.2518,10.534,0.022,10.154,0.016,10.08,0.016,117.841431,44.578484,0.0,,68.0,"VMICRO_WARN,N_M_WARN",5593.617,24.553509,4.469292,0.02108186,19.50468,12.930045,1.0,-0.077283,-0.077283,1.176,385686.24114990234,0.2985694408416748,166.2373220414061,397565.92752839526,1.2479393909631804,0.0035368966219097918,3.4655409523181198,1.1690867797706728
1830,189+25_MGA,apo25m,2M07520003+3151264,3.0,180.63684,11.474,0.018,10.984,0.022,10.857,0.018,118.000131,31.857361,8388608.0,SUSPECT_ROTATION,16452.0,"VMICRO_WARN,N_M_WARN,VSINI_WARN",4590.564,11.999245,4.4468493,0.019973852,16.3523,61.958366,1.0,-0.098809,-0.098809,0.945,172283.0795288086,0.007694583386182785,210.9129315580704,66670.5018851461,1.9156537499090482,0.00034951593707516226,4.267591015088936,1.0738688990902745
1831,189+27_MGA,apo25m,2M07520003+3151264,2.0,151.2005,11.474,0.018,10.984,0.022,10.857,0.018,118.000131,31.857361,8388608.0,SUSPECT_ROTATION,16452.0,"VMICRO_WARN,N_M_WARN,VSINI_WARN",4574.202,12.9742155,4.4508,0.022264838,3.9803889,62.044037,1.0,-0.10324,-0.10324,0.945,172283.0795288086,0.007694583386182785,210.9129315580704,66578.44261816122,1.9156537499090482,5.033926521112747e-06,4.267591015088936,1.0173360806870977
1859,184+30_MGA,apo25m,2M07562582+3631209,3.0,85.64226,10.716,0.027,10.427,0.031,10.33,0.02,119.107605,36.522484,2052.0,"BRIGHT_NEIGHBOR,PERSIST_LOW",0.0,,5951.403,55.43534,4.202569,0.04498271,20.936972,18.4162,1.0,-0.47326,-0.47326,1.399,133075.82359313965,0.12974397838115692,232.39183443574439,332062.2937125231,1.625657422021633,0.0036539104605191153,3.9264792408854223,1.1711303947831524
1927,193+27_MGA,apo25m,2M08062039+2753400,4.0,452.09332,8.616,0.018,8.498,0.02,8.457,0.017,121.584971,27.894447,8388608.0,SUSPECT_ROTATION,2097156.0,"VMICRO_WARN,C_M_BAD",6387.59,54.630363,3.8236651,0.03068573,1.2908885,30.507038,1.0,-0.18824,-0.18824,2.281,10747896.459960938,0.08933544158935547,35.0338029701407,326833.9133260082,0.4815259495681833,8.429271262537479e-07,2.4082260510230986,1.0095062323531208
1928,193+29_MGA,apo25m,2M08062039+2753400,4.0,550.01825,8.616,0.018,8.498,0.02,8.457,0.017,121.584971,27.894447,8388608.0,SUSPECT_ROTATION,2097216.0,"N_M_WARN,C_M_BAD",6644.6343,68.73788,3.9725056,0.033186052,33.80146,17.402033,1.0,-0.36091,-0.36091,2.281,10747896.459960938,0.08933544158935547,35.0338029701407,572963.7803540103,0.4815259495681833,0.026529573469405956,2.4082260510230986,1.3674390413846682
1936,SGR1,apo25m,2M08085424+3214324,3.0,152.97299,12.033,0.021,11.578,0.016,11.461,0.017,122.226011,32.242355,0.0,,100.0,"VMICRO_WARN,C_M_WARN,N_M_WARN",4833.23,12.6798,4.3117123,0.03616538,1.2135793,14.325178,1.0,-0.7791,-0.7791,1.121,172180.16510009766,0.007047614548355341,129.48116910519536,342064.0687611437,0.4433965522885252,7.330079046385253e-07,2.3465292316803428,1.0090710270190064
1938,135+30,apo25m,2M08092218+7739466,3.0,180.22858,11.18,0.017,10.703,0.018,10.585,0.021,122.342445,77.662971,2052.0,"BRIGHT_NEIGHBOR,PERSIST_LOW",0.0,,4605.5166,7.9868426,3.6274388,0.024099505,11.105321,10.656143,1.0,-0.14265,-0.14265,3.342,187172.91870117188,0.05417574197053909,177.02483265930502,1370907.8946144555,1.145138413611592,0.002251118448001345,3.335639510804067,1.143299260999724
1953,170+34_btx,apo25m,2M08123639+4931541,3.0,103.94443,12.722,0.025,12.154,0.023,12.082,0.023,123.151665,49.531719,8388612.0,"BRIGHT_NEIGHBOR,SUSPECT_ROTATION",16452.0,"VMICRO_WARN,N_M_WARN,VSINI_WARN",4629.2725,16.784815,3.9312878,0.044269416,106.9198,81.865326,1.0,-0.92667,-0.92667,1.232,161276.55029296875,0.00020566437160596251,256.81619229975473,65782.8346817841,3.2741695217767868,0.09640148358945082,5.785507386262387,1.636847877690066
1959,170+34_btx,apo25m,2M08132471+4833394,6.0,47.709934,13.826,0.026,13.103,0.029,12.907,0.031,123.352992,48.560951,8391684.0,"BRIGHT_NEIGHBOR,PERSIST_MED,PERSIST_LOW,SUSPECT_ROTATION",4.0,VMICRO_WARN,3758.58,14.70086,4.4672766,0.0508706,83.303604,38.326576,1.0,-0.81879,-0.81879,0.881,226148.7922668457,0.0001396613079123199,123.26259417574771,100479.5677035815,0.5076845144232583,0.06964113668875414,2.4496781588642023,1.5513560064760703
2061,177+34_MGA,apo25m,2M08311262+4325444,4.0,77.44506,11.344,0.019,10.838,0.029,10.75,0.02,127.802586,43.429001,50331648.0,"MTPFLUX_LT_75,MTPFLUX_LT_50",644.0,"VMICRO_WARN,STAR_WARN,COLORTE_WARN",4534.936,18.919258,3.7681057,0.03805754,2.8110533,13.857983,1.0,-0.4676,-0.4676,3.426,766994.9523925781,0.7258008122444153,150.11682309802939,1080660.3222395189,0.44665949143979505,2.8780157579200203e-05,2.3518725104359115,1.031281536283903
2062,178+36_btx,apo25m,2M08311262+4325444,3.0,218.42912,11.344,0.019,10.838,0.029,10.75,0.02,127.802586,43.429001,0.0,,68.0,"VMICRO_WARN,N_M_WARN",4559.659,13.799,3.91968,0.025511812,10.188234,12.419382,1.0,-0.47406,-0.47406,3.426,766994.9523925781,0.7258008122444153,150.11682309802939,1205838.774777181,0.44665949143979505,0.0015289127374591737,2.3518725104359115,1.124583357763147
2075,NGC2632_btx,apo25m,2M08362084+1941068,3.0,62.574867,13.77,0.023,13.522,0.03,13.408,0.033,129.086857,19.68523,0.0,,640.0,"STAR_WARN,COLORTE_WARN",6229.335,81.00494,4.225455,0.07174957,4.1059046,10.473697,1.0,-0.14059,-0.14059,1.195,130061.15798950195,0.07466047257184982,144.6415129157883,498734.91296862817,0.42002474372390614,4.138977398978645e-05,2.3078813817510886,1.0354032264754531
2097,200+32_MGA,apo25m,2M08381688+2430433,2.0,125.83064,11.15,0.021,10.857,0.018,10.803,0.018,129.57037,24.512054,0.0,,4.0,VMICRO_WARN,6056.3174,44.188953,4.026405,0.0370027,9.5330515,10.476109,1.0,-0.11166,-0.11166,1.917,153266.1060333252,0.4360220730304718,178.60893157627712,799878.4127674383,0.443450881065782,0.0008308383111500621,2.346618300580698,1.1001894642751746
2158,194+39_MGA,apo25m,2M08491490+3111434,3.0,28.50991,11.372,0.023,11.139,0.032,10.997,0.022,132.312098,31.195396,50331648.0,"MTPFLUX_LT_75,MTPFLUX_LT_50",134217728.0,SN_BAD,5649.226,142.87756,4.0917807,0.15656948,39.785095,19.538895,1.0,-0.38563,-0.38563,1.549,139616.66793823242,0.009154402650892735,167.22340317764164,346539.9356616275,0.7720299314997873,0.02616442585926661,2.8395508386082833,1.3653778419886111
2225,142+35_btx,apo25m,2M08590163+6954393,3.0,115.752266,11.908,0.019,11.408,0.017,11.27,0.022,134.756818,69.910934,0.0,,4.0,VMICRO_WARN,4494.9956,14.311016,3.8526812,0.026888337,6.373078,13.498952,1.0,-0.22858,-0.22858,2.585,139902.00004577637,0.10261788964271545,183.58059602554988,837071.1346376745,0.882200057103841,0.00025978064341578504,2.990966548180254,1.0666108189763652
2271,178+42_MGA,apo25m,2M09124038+4200544,3.0,370.03415,9.519,0.022,9.337,0.016,9.258,0.014,138.168266,42.015118,0.0,,0.0,,6333.471,49.27667,3.8409092,0.027834406,4.090879,14.236392,1.0,-0.27191,-0.27191,2.095,173946.16928100586,0.06263399869203568,174.2973065147592,643259.1332227391,1.002183880526085,5.279983727867659e-05,3.1507711285025066,1.0384721281087361
2272,GD1-3,apo25m,2M09124274+2324426,5.0,55.684013,13.028,0.021,12.602,0.022,12.533,0.024,138.178121,23.411856,0.0,,68.0,"VMICRO_WARN,N_M_WARN",5018.3926,29.376482,4.4194093,0.04444673,15.9255905,12.829211,1.0,-0.46685,-0.46685,1.218,364637.109375,0.2606552541255951,115.72680457530267,415001.0657844424,0.43075463263557084,0.0020097061693417867,2.325707790308992,1.1375161941250624
2274,193+43_MGA,apo25m,2M09131697+3205319,3.0,157.48566,11.574,0.019,11.081,0.022,10.955,0.017,138.320718,32.092216,4.0,BRIGHT_NEIGHBOR,68.0,"VMICRO_WARN,N_M_WARN",4624.0024,14.531374,4.3737,0.025229137,41.57392,17.988708,1.0,-0.2829,-0.2829,0.936,167786.58828735352,0.001018344541080296,148.51455636530142,227445.70922156994,0.6579566800400694,0.0195946448702168,2.6767726370339475,1.3252772809630156
2281,193+43_MGA,apo25m,2M09155787+3134156,3.0,122.10188,11.539,0.019,11.177,0.022,11.115,0.019,138.991165,31.571024,0.0,,134.0,"LOGG_WARN,VMICRO_WARN,STAR_WARN",5900.0815,38.50655,4.3741837,0.028384771,18.337357,14.076672,1.0,-0.074438,-0.074438,1.37,171079.40711975098,0.010803980752825737,168.06070161812588,425424.4515280763,0.9578919288681481,0.003145063283065245,3.0923276063780114,1.1619328250810248
2283,193+43_MGA,apo25m,2M09160924+3253128,3.0,244.09424,10.462,0.022,10.098,0.019,10.049,0.018,139.038521,32.886898,8388608.0,SUSPECT_ROTATION,0.0,,5319.7686,19.086819,3.9932976,0.01919047,53.571888,40.52285,1.0,-0.050613,-0.050613,1.862,147911.5997314453,0.006558301392942667,151.4159151693761,200854.50006348046,0.6095749472154942,0.03702449499080007,2.605459756696681,1.4213383875662573
2288,193+43_MGA,apo25m,2M09172899+3147303,3.0,102.059555,11.132,0.02,10.83,0.016,10.77,0.02,139.370833,31.791754,2048.0,PERSIST_LOW,68.0,"VMICRO_WARN,N_M_WARN",5409.3394,37.468285,4.0662985,0.04426188,25.069008,28.807127,1.0,-0.59581,-0.59581,1.381,146852.43186950684,0.06958124041557312,144.52815739821636,209553.83010394897,0.4770379701039363,0.003958255011936612,2.4010454230449163,1.1762693297937583
2426,223+55,apo25m,2M10235474+1648178,3.0,86.04944,13.004,0.021,12.616,0.025,12.475,0.021,155.978104,16.804956,0.0,,644.0,"VMICRO_WARN,STAR_WARN,COLORTE_WARN",5165.2515,21.154722,4.487388,0.024075178,39.30179,10.4447975,1.0,0.12839,0.12839,0.954,133913.68217468262,0.022083576768636703,148.51959481713735,399254.86974423536,0.5086576134015379,0.029059218788743263,2.451207438637912,1.3813247605278167
2434,244+45_MGA,apo25m,2M10271730+0106138,3.0,112.5663,11.456,0.027,11.19,0.026,11.118,0.023,156.822097,1.10384,4.0,BRIGHT_NEIGHBOR,64.0,N_M_WARN,6077.419,49.7697,4.1808987,0.04252999,39.205833,13.418377,1.0,-0.22451,-0.22451,1.535,131054.84046936035,0.09161175787448883,177.99205062749522,500046.3504598527,0.7671121520821967,0.03612925776090942,2.832669944875059,1.4170794852054003
2439,168+55_MGA,apo25m,2M10291410+4618558,3.0,159.94435,11.391,0.021,11.1,0.016,11.055,0.013,157.308768,46.315514,0.0,,4.0,VMICRO_WARN,5902.3823,31.44662,4.1952486,0.021570336,18.70796,17.254404,1.0,0.10652,0.10652,1.261,141467.19131469727,0.08961129188537598,185.9583754424818,319460.3739982152,0.9474143874476452,0.0025078006711306135,3.078412304461292,1.1490485545945401
2455,175+58_MGA,apo25m,2M10352052+4126261,3.0,172.14265,11.19,0.019,10.848,0.016,10.776,0.016,158.835524,41.44059,4.0,BRIGHT_NEIGHBOR,4.0,VMICRO_WARN,5676.0435,35.581215,4.164693,0.032889593,21.354092,12.050359,1.0,-0.47037,-0.47037,1.616,149871.82502746582,0.17754927277565002,207.34131835664175,586196.529200418,1.1946456791788604,0.00684357910487479,3.3984849283466136,1.2163390458878112
2460,210+60,apo25m,2M10370001+2527527,3.0,99.39369,12.058,0.021,11.519,0.019,11.411,0.018,159.25008,25.464651,0.0,,68.0,"VMICRO_WARN,N_M_WARN",4540.0933,20.749561,4.005495,0.04402005,15.61832,12.333887,1.0,-0.73321,-0.73321,2.325,219168.63555908203,0.018085099756717682,181.14408190573633,823995.5451453584,1.5197017016142667,0.0037637826372278627,3.7993759657104498,1.173014028835671
2505,288-01-C,lco25m,2M10472371-6024261,2.0,74.110565,12.905,0.022,12.583,0.026,12.509,0.03,161.848819,-60.407269,8388608.0,SUSPECT_ROTATION,0.0,,6132.312,51.710735,3.7547894,0.046129167,1.1277508,33.527412,1.0,0.13935,0.13935,2.914,267546.2242126465,0.36589571833610535,191.16599936545697,379919.3275355968,1.131536402015444,6.533223866783236e-07,3.318273942247237,1.0087276546268618
2515,288-00-C,lco25m,2M10501101-5857588,3.0,55.210804,13.715,0.036,13.16,0.023,12.965,0.024,162.545898,-58.966351,8388608.0,SUSPECT_ROTATION,0.0,,5451.269,58.912647,3.7846994,0.06407262,12.242554,30.053844,1.0,0.077333,0.077333,3.48,151298.41346740723,0.07612881809473038,194.89859257657125,506152.1522289407,1.1925437868732718,0.001113509414589353,3.3958278834646616,1.1111980256362035
2594,300-23,lco25m,2M11192490-8514311,3.0,29.039343,12.744,0.026,12.15,0.025,12.05,0.028,169.853775,-85.241997,16777216.0,MTPFLUX_LT_75,134217796.0,"VMICRO_WARN,N_M_WARN,SN_BAD",4343.741,18.155165,4.34449,0.03942588,5.1084023,12.752637,1.0,-0.17856,-0.17856,10.359,149284.73281860352,0.01039030123502016,141.49546713215105,3550746.8217423516,0.4991552140627504,0.0005675076272644653,2.43623554099831,1.0875582887429278
2599,250+60,apo25m,2M11194113+0808315,3.0,69.44728,12.897,0.026,12.391,0.025,12.334,0.029,169.921385,8.142108,0.0,,68.0,"VMICRO_WARN,N_M_WARN",4829.1855,28.156704,3.6143603,0.045384698,19.121967,32.018425,1.0,-0.72699,-0.72699,2.749,149441.11289978027,0.013728172518312931,240.22934055977143,375298.3426900324,2.4329876407996194,0.0031460894053421304,4.857801486663313,1.1619522379267335
2613,152+63_MGA,apo25m,2M11291785+4853250,3.0,166.06213,10.015,0.03,9.704,0.034,9.601,0.018,172.324408,48.890278,8390656.0,"PERSIST_LOW,SUSPECT_ROTATION",708.0,"VMICRO_WARN,N_M_WARN,STAR_WARN,COLORTE_WARN",5021.997,16.563791,4.406617,0.020552773,82.988846,44.62724,1.0,-0.030898,-0.030898,1.155,178084.00497436523,0.17128826677799225,130.673955279213,113131.57347455474,0.35941316114662386,0.07752463401882127,2.2042053624586133,1.5779280965461622
2614,154+62_MGA,apo25m,2M11291785+4853250,2.0,226.44943,10.015,0.03,9.704,0.034,9.601,0.018,172.324408,48.890278,8388608.0,SUSPECT_ROTATION,704.0,"N_M_WARN,STAR_WARN,COLORTE_WARN",5020.347,15.263416,4.342887,0.018696213,32.095776,44.218086,1.0,-0.047177,-0.047177,1.155,178084.00497436523,0.17128826677799225,130.673955279213,114178.39028642236,0.35941316114662386,0.004526101380650152,2.2042053624586133,1.1852630653519034
2690,N4147,apo25m,2M12050458+1759507,3.0,123.65597,11.912,0.02,11.543,0.023,11.442,0.019,181.269086,17.997429,512.0,PERSIST_HIGH,4.0,VMICRO_WARN,5632.201,39.495033,4.2467427,0.043444216,38.207794,16.489218,1.0,-0.43311,-0.43311,1.992,231400.08544921875,0.00016497350588906556,211.01974919078498,528069.5749346049,2.6062859544419132,0.035313743430326554,5.051602744154337,1.413152397310253
2703,279+66,apo25m,2M12102713+0617206,4.0,147.78052,11.732,0.027,11.227,0.024,11.108,0.024,182.613057,6.289075,8388608.0,SUSPECT_ROTATION,708.0,"VMICRO_WARN,N_M_WARN,STAR_WARN,COLORTE_WARN",4638.596,17.75628,4.245633,0.033202507,67.49073,38.44147,1.0,-0.5741,-0.5741,1.073,159480.65643310547,0.05737927556037903,144.98098498529302,122011.73616757609,0.5332653297131581,0.044970809415816576,2.489592797705743,1.4570486769323048
2743,221+84,apo25m,2M12281397+2715328,3.0,353.113,10.061,0.024,9.759,0.028,9.625,0.019,187.058235,27.259113,4.0,BRIGHT_NEIGHBOR,4.0,VMICRO_WARN,5519.695,21.21717,4.293573,0.018312119,48.81457,12.246163,1.0,0.077145,0.077145,1.277,166684.33685302734,0.007056289818137884,138.40106136551816,455819.32457109855,0.5241996391648431,0.06356789902796005,2.475514430512179,1.529894679407033
2763,M68,lco25m,2M12395622-2630087,3.0,113.151924,12.482,0.024,12.082,0.025,12.011,0.023,189.984274,-26.502426,0.0,,708.0,"VMICRO_WARN,N_M_WARN,STAR_WARN,COLORTE_WARN",4977.36,16.157982,3.857086,0.037633795,51.890068,15.617088,1.0,-0.60431,-0.60431,1.969,179538.3201599121,0.00110051897354424,127.28326710554728,551121.7240912856,0.44314974315053474,0.0923202496784368,2.3461245586678245,1.6245940652530333
2871,111+70_MGA,apo25m,2M13145501+4711051,2.0,419.69452,9.829,0.022,9.593,0.027,9.549,0.019,198.729233,47.184769,0.0,,640.0,"STAR_WARN,COLORTE_WARN",6487.3467,43.39789,4.362558,0.019723216,41.063763,10.990059,1.0,0.1605,0.1605,1.529,133112.56256103516,0.012241227552294731,184.9662426189568,608148.0705276649,0.9914470642627486,0.0504873165217381,3.1366589440572117,1.4799954347225492
2872,325+76,apo25m,2M13154641+1457559,3.0,782.12665,7.813,0.024,7.653,0.044,7.627,0.021,198.943407,14.965544,0.0,,0.0,,6521.3794,57.894608,4.259996,0.029181851,6.5752497,17.729645,1.0,-0.28894,-0.28894,1.412,129947.25379943848,0.06677941977977753,134.97824092792558,348126.0549607863,0.3454073541173184,0.0001186506166098633,2.1794365079565434,1.0507893243155322
2900,320+60,apo25m,2M13242101-0018570,4.0,872.89325,7.234,0.023,7.041,0.038,6.955,0.023,201.087563,-0.315838,2048.0,PERSIST_LOW,0.0,,6331.05,44.250626,4.099028,0.023797603,21.256409,13.03467,1.0,-0.089904,-0.089904,1.925,135696.25854492188,0.20519304275512695,221.93804823908678,645553.982958089,1.2602374209573497,0.00743359642194773,3.4809318168605663,1.2232240622391162
2912,041+81_MGA,apo25m,2M13274631+2826206,3.0,102.49405,10.788,0.021,10.502,0.024,10.429,0.017,201.942961,28.43907,0.0,,68.0,"VMICRO_WARN,N_M_WARN",5695.7046,39.19763,4.4806757,0.03903332,6.635798,23.867119,1.0,-0.2906,-0.2906,1.348,167114.07051086426,0.010300402529537678,199.3565039880079,246883.32934277164,1.562989483351133,8.64904103507704e-05,3.8514848260802497,1.0455575108364852
2966,083+73_MGA,apo25m,2M13430611+3946039,3.0,256.31622,10.755,0.021,10.394,0.02,10.312,0.017,205.775494,39.767773,4.0,BRIGHT_NEIGHBOR,68.0,"VMICRO_WARN,N_M_WARN",5607.542,26.205261,4.2790475,0.022886831,44.742268,12.589254,1.0,-0.17019,-0.17019,1.31,186727.2720336914,0.03267427533864975,140.31054318165403,454855.2077707176,0.5883482917089853,0.04884542317658846,2.573673500403064,1.4733023561227514
2992,016+77_MGA,apo25m,2M13484687+2340279,3.0,228.9729,9.982,0.022,9.778,0.023,9.729,0.018,207.195328,23.674421,8388608.0,SUSPECT_ROTATION,0.0,,6169.477,48.762215,4.014639,0.032381218,1.5555998,23.227371,1.0,-0.46425,-0.46425,2.304,258142.7993774414,0.11767186224460602,149.6853009094479,433595.0241611048,0.8602791433567669,1.956927093859636e-06,2.961229554292599,1.0126132303350106
3004,335+61_btx,apo25m,2M13525243+0354262,6.0,393.62173,10.408,0.027,10.102,0.022,10.011,0.024,208.218486,3.90728,0.0,,4.0,VMICRO_WARN,5749.8916,28.83304,4.349658,0.02280818,16.865065,15.014123,1.0,-0.14338,-0.14338,1.576,3589354.3579101562,0.5191181302070618,77.51631282030804,458836.6660304318,0.6684208402025296,0.0026388754574525235,2.6920027958245445,1.151847422325474
3029,340+60,apo25m,2M14040264+0218381,3.0,263.1133,11.043,0.023,10.763,0.023,10.73,0.027,211.011004,2.310593,0.0,,96.0,"C_M_WARN,N_M_WARN",5987.576,41.698143,3.9699845,0.030910907,1.2915673,14.060475,1.0,-0.45216,-0.45216,2.071,329173.22158813477,0.028664611279964447,114.99420951809108,643845.9646421775,0.574517090687591,1.663143878107385e-06,2.5527849924591948,1.0119422496618538
3039,350+60,apo25m,2M14132481+0451006,3.0,30.328136,13.007,0.029,12.509,0.023,12.396,0.024,213.353407,4.850189,512.0,PERSIST_HIGH,134217796.0,"VMICRO_WARN,N_M_WARN,SN_BAD",4679.568,26.766539,4.2058144,0.053675532,21.630491,15.10428,1.0,-0.65815,-0.65815,0.965,219947.06497192383,0.04344342276453972,132.45580588569857,279273.13301710965,0.5733157633066746,0.0033886367077668534,2.5509638819167093,1.1664385669069748
3062,N5634SGR2,apo25m,2M14254719-0634112,3.0,83.41479,12.543,0.023,12.029,0.022,11.934,0.024,216.446662,-6.56979,2048.0,PERSIST_LOW,68.0,"VMICRO_WARN,N_M_WARN",4570.3916,21.26497,4.4230843,0.04395415,22.675385,28.523312,1.0,-0.64657,-0.64657,1.077,210229.93240356445,0.002881803782656789,134.28479432509408,165050.79577037235,0.6077035154802682,0.00230716339054057,2.6026701403625254,1.1445872254003122
3066,090+60,apo25m,2M14292269+4929515,3.0,53.673805,12.985,0.024,12.484,0.032,12.392,0.03,217.34455,49.497643,2048.0,PERSIST_LOW,4.0,VMICRO_WARN,4624.477,21.692194,4.407604,0.042294677,62.374718,27.327503,1.0,-0.48752,-0.48752,0.919,162259.2945098877,0.02753995917737484,144.9808365307577,147000.03307035577,0.5685200099932304,0.04277006777600319,2.543682868803983,1.4475028633948683
3091,010+60,apo25m,2M14442311+1348111,4.0,134.61768,10.916,0.022,10.709,0.02,10.672,0.018,221.096311,13.803105,8388608.0,SUSPECT_ROTATION,0.0,,6176.733,40.40584,3.938549,0.023212986,4.4608827,30.718504,1.0,0.17245,0.17245,2.35,172316.95518493652,0.20832203328609467,210.35328079111815,334402.62073899724,1.35455124465398,3.5590066824396165e-05,3.5980049459903958,1.0336272274593885
3102,080+59_MGA,apo25m,2M14492141+4706301,4.0,237.28398,10.393,0.021,10.157,0.022,10.078,0.017,222.33923,47.108376,8388608.0,SUSPECT_ROTATION,4.0,VMICRO_WARN,5869.554,32.080494,4.0971923,0.023647852,20.451042,39.021145,1.0,-0.10197,-0.10197,2.127,177369.45419311523,0.0495406799018383,155.21895147034493,238269.9934284781,0.736902596525604,0.002443500291853445,2.7901475061020635,1.1476431236812532
3107,080+59_MGA,apo25m,2M14530147+4617445,4.0,131.3223,11.512,0.021,11.206,0.031,11.119,0.021,223.256149,46.295712,0.0,,644.0,"VMICRO_WARN,STAR_WARN,COLORTE_WARN",6014.8613,42.087173,4.194851,0.029000355,35.51363,14.354893,1.0,-0.10536,-0.10536,1.31,187490.91110229492,0.28780266642570496,161.88902245577952,398908.4240369007,0.5732309845207946,0.02142175881052814,2.5508353227314826,1.3370741128091956
3161,092+52_MGA,apo25m,2M15135925+5505448,3.0,209.23186,9.855,0.023,9.643,0.021,9.604,0.014,228.496899,55.095779,0.0,,4.0,VMICRO_WARN,6545.8677,58.488937,4.3161926,0.02889717,44.636765,16.749428,1.0,-0.27196,-0.27196,1.7,158700.37307739258,0.014417721889913082,155.0408656459954,443660.54953925736,0.6938291635607325,0.04730702849760762,2.728716986081358,1.4669288829503073
3167,000+45,apo25m,2M15162162-0139522,3.0,115.51277,11.873,0.026,11.392,0.023,11.345,0.023,229.090124,-1.664517,512.0,PERSIST_HIGH,708.0,"VMICRO_WARN,N_M_WARN,STAR_WARN,COLORTE_WARN",4898.8867,18.488441,3.7124462,0.054556623,20.89804,15.04527,1.0,-1.4556,-1.4556,0.861,225753.26385498047,0.018348127603530884,114.558423701273,250152.60927018028,0.39577476070427237,0.0027372749693952117,2.267038214698704,1.1538938205321414
3255,350+23-O,lco25m,2M15570368-2304484,2.0,253.17856,11.145,0.02,10.507,0.026,10.213,0.023,239.265353,-23.080118,8388608.0,SUSPECT_ROTATION,17088.0,"N_M_WARN,STAR_WARN,COLORTE_WARN,VSINI_WARN",3227.4824,4.518275,4.285589,0.015984504,8.136018,48.37266,1.0,,,1.089,140283.00590515137,0.05742857977747917,142.7569832783334,98407.85865042501,0.4477805964138365,6.354219374605541e-05,2.3537055353419136,1.040987991980459
3270,076+47_MGA,apo25m,2M15591817+4726029,3.0,117.332375,10.375,0.022,9.943,0.028,9.861,0.022,239.825729,47.434166,16779264.0,"PERSIST_LOW,MTPFLUX_LT_75",4.0,VMICRO_WARN,4952.1074,19.83036,4.494135,0.02780041,23.592089,14.976145,1.0,-0.19389,-0.19389,1.13,145597.53913879395,0.005632814485579729,135.42778103632514,329822.4997535391,0.42992650399475213,0.00519249626896375,2.3243370809776245,1.1950034811800379
3368,049+46_MGA,apo25m,2M16144390+3025563,3.0,521.1306,9.175,0.021,8.929,0.022,8.812,0.017,243.682935,30.432314,0.0,,68.0,"VMICRO_WARN,N_M_WARN",5849.671,29.068272,3.8783767,0.020855831,41.100708,21.503046,1.0,-0.019576,-0.019576,2.697,157540.84510803223,0.04652034118771553,220.86697605719212,548255.2943010236,1.8947390048700616,0.045638090369858136,4.2432796942729,1.4598964081988046
3370,067+46_MGA,apo25m,2M16151949+4214497,3.0,48.885746,11.69,0.02,11.365,0.019,11.329,0.022,243.831218,42.247154,8390656.0,"PERSIST_LOW,SUSPECT_ROTATION",0.0,,5847.6343,57.001755,4.0773034,0.049694065,22.106197,35.99151,1.0,-0.15943,-0.15943,1.474,165716.89796447754,0.02870497852563858,123.44838777672477,179019.06629741102,0.35780510052166326,0.0023186655848634378,2.201378495918256,1.1448492009450206
3387,M4,lco25m,2M16201897-2614026,4.0,134.15211,11.619,0.022,11.108,0.026,10.925,0.021,245.079066,-26.234079,0.0,,0.0,,5895.201,29.62501,4.084033,0.019524131,4.5446353,15.609897,1.0,0.31695,0.31695,2.577,173025.54244995117,0.749651312828064,254.85092245580668,721632.780210777,0.4301139685780751,8.121010758524183e-05,2.324647444381394,1.0445831516611914
3543,044+37_MGA,apo25m,2M16490009+2520563,2.0,94.27403,10.886,0.021,10.546,0.021,10.457,0.015,252.250392,25.348988,2048.0,PERSIST_LOW,0.0,,5667.39,37.4695,3.91206,0.03385247,1.9405267,13.125022,1.0,-0.20113,-0.20113,2.426,133925.04272460938,0.09017463773488998,258.8362107520307,807965.1490233645,2.4164102687482,7.078613771067628e-06,4.8391737980807115,1.0194490653663069
3570,044+35_MGA,apo25m,2M16553045+2247026,2.0,96.11329,11.08,0.018,10.72,0.021,10.627,0.02,253.876881,22.784063,8391680.0,"PERSIST_MED,PERSIST_LOW,SUSPECT_ROTATION",4.0,VMICRO_WARN,5594.034,26.329142,4.34752,0.021671038,12.744704,18.69821,1.0,0.32426,0.32426,1.917,492378.22265625,0.10001131892204285,108.62271399302605,448150.56836449454,0.6459710827763671,0.0011122692529162911,2.6592461558710525,1.1111537775691562
3694,090+36_MGA,apo25m,2M17180986+6105518,3.0,100.62423,11.952,0.022,11.4,0.023,11.245,0.019,259.541093,61.097733,8388608.0,SUSPECT_ROTATION,68.0,"VMICRO_WARN,N_M_WARN",4400.164,14.338888,4.240985,0.028998584,52.443325,30.81059,1.0,-0.24525,-0.24525,0.902,159260.2638244629,0.003979597706347704,126.86606000041303,127970.06615000765,0.38756349219970304,0.022129712498791757,2.2530236030238164,1.3414984376590045
3818,090+30,apo25m,2M18004359+6018471,3.0,83.54347,12.558,0.023,11.96,0.023,11.877,0.021,270.181633,60.313095,1540.0,"BRIGHT_NEIGHBOR,PERSIST_HIGH,PERSIST_MED",68.0,"VMICRO_WARN,N_M_WARN",4423.843,16.833744,3.7675257,0.035502415,28.864288,12.117137,1.0,-0.46464,-0.46464,2.614,137214.67895507812,0.004126552492380142,187.12391710216718,942990.758921637,1.07125145367959,0.0271885911961414,3.2407615464180983,1.3711214552747062
3921,K2_C7_010-10_btx,apo25m,2M18500250-2513222,3.0,117.34052,11.136,0.024,10.75,0.022,10.602,0.021,282.510418,-25.222857,4.0,BRIGHT_NEIGHBOR,166.0,"LOGG_WARN,VMICRO_WARN,C_M_WARN,STAR_WARN",6103.156,39.46383,4.411078,0.025278646,3.4268444,18.209585,1.0,0.19944,0.19944,0.914,215693.27545166016,0.02480335161089897,179.68825644074872,219405.75716795426,1.4448764414706663,1.0585902638913068e-05,3.708668664574205,1.0222824105001393
3923,CVZ_OB08_btx,apo25m,2M18504796+6029174,2.0,250.2672,10.284,0.022,10.113,0.018,10.062,0.015,282.699847,60.488174,131072.0,SUSPECT_BROAD_LINES,0.0,,6477.1025,56.222813,3.731494,0.02923136,17.927137,16.210634,1.0,-0.28216,-0.28216,2.351,131903.30772399902,0.2114473581314087,173.98188622281762,633949.261626632,0.5831906444123669,0.004379091634041582,2.565900900409436,1.18300204471469
4057,K11_076+13,apo25m,2M19144573+4452299,4.0,169.6702,10.705,0.021,10.497,0.018,10.458,0.011,288.690548,44.874989,0.0,,0.0,,6430.022,52.99618,4.166011,0.027487146,1.5698469,15.363846,1.0,-0.12735,-0.12735,1.91,171542.5323486328,0.000340607191901654,198.53438187112695,543419.5939461539,1.6086212374242235,2.5205998918558143e-06,3.906142331631511,1.01373376506105
4092,K2_C7_009-18_btx,apo25m,2M19203613-2913349,4.0,76.94886,12.186,0.021,11.791,0.027,11.664,0.026,290.150571,-29.226377,25165824.0,"SUSPECT_ROTATION,MTPFLUX_LT_75",64.0,N_M_WARN,4962.406,26.508865,3.9650545,0.04380869,50.07783,45.835297,1.0,-0.67564,-0.67564,1.844,139193.69087219238,0.026293613016605377,129.13472636959793,175858.2465729353,0.3452927337830897,0.026478657600989546,2.1792324029861185,1.3671525345173476
4123,K05_080+14,apo25m,2M19241736+4729134,4.0,199.00697,10.172,0.021,9.972,0.017,9.934,0.014,291.072334,47.487061,0.0,,0.0,,6151.8564,45.793514,3.6475718,0.030019926,27.537771,15.06954,1.0,-0.38713,-0.38713,2.791,169017.11196899414,0.31601962447166443,263.9333030245127,809583.6198589806,2.1075381144771472,0.020269581655615022,4.488844964669719,1.3297016689745058
4127,K11_076+13,apo25m,2M19245871+4444081,4.0,177.9679,10.753,0.021,10.534,0.017,10.493,0.016,291.244644,44.7356,8388608.0,SUSPECT_ROTATION,4.0,VMICRO_WARN,5990.045,40.55942,3.7060337,0.029126994,58.974373,30.415857,1.0,-0.27895,-0.27895,15.551,153624.9984741211,0.2065858542919159,150.15694356982692,2234910.497346941,0.4407017549557547,0.549600162870345,2.3421069025495664,2.51478155672038
4129,K17_072+13,apo25m,2M19252832+4014481,4.0,91.5405,11.994,0.021,11.687,0.022,11.614,0.02,291.368004,40.246696,0.0,,0.0,,5689.8394,35.480095,4.362087,0.030462187,1.1677192,18.86253,1.0,-0.077665,-0.077665,1.101,166728.19290161133,0.2594004273414612,142.04921059595972,255146.28377230023,0.3651719604014515,4.870810470189774e-07,2.214293986108458,1.0079095885140736
4150,K05_080+14,apo25m,2M19283348+4734144,4.0,272.75656,9.786,0.021,9.615,0.017,9.542,0.015,292.139533,47.57069,0.0,,0.0,,6283.835,40.446167,4.012889,0.021859271,13.9309025,10.9572115,1.0,-0.00099993,-0.00099993,2.26,168672.37129211426,0.05598253384232521,169.53478560843726,901592.449971686,0.903830889475851,0.002922434221541212,3.020136021251238,1.1576274725132065
4158,K05_080+14,apo25m,2M19295433+4824378,4.0,184.70895,10.234,0.027,10.016,0.032,9.919,0.022,292.476389,48.410519,8388608.0,SUSPECT_ROTATION,17025.0,"TEFF_WARN,STAR_WARN,COLORTE_WARN,VSINI_WARN",5822.5063,28.833885,3.748275,0.02095143,37.9331,51.605976,1.0,0.038297,0.038297,3.565,172122.43537902832,0.014230107888579369,170.6492299160719,301968.33880053443,1.00371525675086,0.019761192015141735,3.1527811307755655,1.3263766218499342
4290,M71,apo25m,2M19572486+1857161,3.0,320.68002,10.623,0.022,10.409,0.028,10.313,0.021,299.353612,18.954479,4.0,BRIGHT_NEIGHBOR,68.0,"VMICRO_WARN,N_M_WARN",6429.6426,40.161095,4.406208,0.018649718,25.10675,14.341679,1.0,0.2242,0.2242,2.439,146508.7314605713,0.02720770239830017,145.20529960920717,743384.7956296889,0.515985877580245,0.014105285765676054,2.462695961967573,1.2856849079334445
4297,M71,apo25m,2M19581342+1815386,4.0,136.4926,11.368,0.021,11.266,0.024,11.173,0.023,299.555941,18.260731,131072.0,SUSPECT_BROAD_LINES,2097216.0,"N_M_WARN,C_M_BAD",6711.5493,76.765144,3.7368243,0.034862734,3.4890656,15.02104,1.0,-0.1561,-0.1561,3.266,141298.96659851074,0.36923056840896606,186.8525440337183,950425.4333559463,0.5536543409204178,4.8399644852797735e-05,2.520998795250261,1.0373452234754927
4315,060-08,apo25m,2M20113390+2054303,3.0,108.79487,11.637,0.025,11.164,0.03,11.043,0.018,302.891251,20.908438,2048.0,PERSIST_LOW,68.0,"VMICRO_WARN,N_M_WARN",4735.9355,13.570133,3.7789726,0.03680426,19.471851,15.125161,1.0,-0.54536,-0.54536,3.411,162958.24127197266,0.01935773342847824,130.42407139884025,985788.1310550482,0.42093226958385244,0.008725734980469609,2.3093947633448773,1.2372729743192237
4349,060-12,apo25m,2M20294351+1657078,3.0,226.38809,10.681,0.023,10.581,0.028,10.569,0.021,307.431329,16.952177,131076.0,"BRIGHT_NEIGHBOR,SUSPECT_BROAD_LINES",2097152.0,C_M_BAD,6585.759,57.71253,3.6964521,0.027204776,25.48817,19.801586,1.0,-0.11119,-0.11119,2.989,136999.51858520508,0.023240553215146065,141.11567699114485,659823.547589282,0.44557722321751925,0.013099071005543908,2.350101601024962,1.2775459301984011
4379,040-27_MGA,apo25m,2M20403505-0608501,3.0,99.57161,11.297,0.026,11.026,0.026,10.935,0.023,310.146053,-6.147251,0.0,,4.0,VMICRO_WARN,5890.0283,39.603382,4.131276,0.02940894,40.03534,16.371935,1.0,-0.0085881,-0.0085881,1.554,164184.037399292,6.203389057191089e-05,264.67938202808,414909.0181637246,3.649619386050488,0.03192126975627247,6.191143747564151,1.396290512047288
4386,CygnusX_N_btx,apo25m,2M20424911+4118364,3.0,52.349033,13.537,0.029,13.031,0.03,12.884,0.023,310.704645,41.31012,0.0,,0.0,,6059.9507,67.16398,4.108335,0.05875883,10.941472,12.234888,1.0,-0.025209,-0.025209,1.415,156043.64204406738,0.03012346848845482,167.19959134167246,505543.24696391553,0.8352627420030474,0.0007939301482325436,2.9270664507017545,1.098587561530337
4464,M15,apo25m,2M21301515+1307000,8.0,86.56442,13.84,0.027,13.281,0.029,13.096,0.032,322.563131,13.116694,8388608.0,SUSPECT_ROTATION,68.0,"VMICRO_WARN,N_M_WARN",4414.7344,16.180079,4.3722906,0.03384129,48.685276,36.70287,1.0,-0.3829,-0.3829,0.892,141678.73649597168,0.25571832060813904,234.82006318073675,106234.77456228127,1.4122545762585732,0.01469793526754274,3.6688552182870926,1.2903281688535149
4534,046-47-O,lco25m,2M21573309-1126232,3.0,96.28605,11.859,0.022,11.475,0.024,11.393,0.021,329.387886,-11.439799,8388608.0,SUSPECT_ROTATION,646.0,"LOGG_WARN,VMICRO_WARN,STAR_WARN,COLORTE_WARN",5985.1426,40.884083,4.3502727,0.027917104,8.73431,13.267833,1.0,0.06837,0.06837,1.499,171503.59954833984,0.17728859186172485,138.6043876504086,493859.6088215048,0.4085753625598117,0.0003945354524048002,2.2886963902027437,1.0770658444032364
4549,046-47-O,lco25m,2M22042753-1147097,3.0,230.94792,10.232,0.024,9.853,0.026,9.809,0.023,331.114735,-11.786052,16777216.0,MTPFLUX_LT_75,68.0,"VMICRO_WARN,N_M_WARN",5474.4307,24.56546,4.436649,0.023816602,1.3517067,11.426151,1.0,-0.24276,-0.24276,1.203,171395.26748657227,0.6434875726699829,243.59849491910083,460222.17437004123,0.6323119045229804,1.3627357830581128e-06,2.6391623687622734,1.011169289009107
4580,074-35_MGA,apo25m,2M22154170+1154386,4.0,648.3156,8.162,0.02,7.953,0.017,7.933,0.026,333.923781,11.910725,0.0,,64.0,N_M_WARN,6329.254,52.45724,3.9768946,0.030664135,6.3538375,13.861176,1.0,-0.39148,-0.39148,1.638,13499977.587890625,0.7322846055030823,124.29949973281082,516553.9551492257,4.305741254043557,0.000158862254752727,6.891473645686188,1.0561695957746078
4581,075-35_MGA,apo25m,2M22154170+1154386,3.0,504.18457,8.162,0.02,7.953,0.017,7.933,0.026,333.923781,11.910725,0.0,,0.0,,6340.2896,52.09699,3.9616337,0.030014236,3.5382805,13.966899,1.0,-0.36866,-0.36866,1.638,13499977.587890625,0.7322846055030823,124.29949973281082,512643.87934784405,4.305741254043557,2.7226340648815247e-05,6.891473645686188,1.0306965212101846
4630,105+00,apo25m,2M22331751+5759568,3.0,159.46515,12.065,0.02,11.548,0.019,11.467,0.019,338.322961,57.999138,0.0,,644.0,"VMICRO_WARN,STAR_WARN,COLORTE_WARN",5605.402,29.200554,4.3812513,0.027764726,36.5089,27.327503,1.0,-0.1491,-0.1491,1.35,173254.62799072266,0.051195017993450165,126.35572065823648,215941.28905873807,0.38728593642276254,0.012598784692934852,2.252548175926619,1.2733691287731046
4651,075-45,apo25m,2M22453272+0706575,3.0,60.74772,12.986,0.026,12.508,0.032,12.312,0.03,341.386357,7.115987,0.0,,68.0,"VMICRO_WARN,N_M_WARN",4831.7725,26.396023,4.359224,0.038630374,47.115032,22.387213,1.0,-0.36033,-0.36033,1.043,159575.57830810547,0.002270589815452695,140.73897849066773,203650.81330077336,0.5315271982811579,0.02553649808650373,2.4868991731232413,1.3617973244407016
4723,N7789,apo25m,2M23463192+5653359,3.0,134.82262,12.123,0.026,11.851,0.032,11.773,0.023,356.633014,56.893307,8388608.0,SUSPECT_ROTATION,0.0,,6224.6953,54.84102,4.0109367,0.03817591,1.988173,25.66256,1.0,-0.28759,-0.28759,1.948,182391.35284423828,0.3914397656917572,151.3712551115398,331811.051253773,0.36006968325251354,3.1264398810139866e-06,2.205358250741852,1.014766118756297
4744,060-75,apo25m,2M23531705-1916084,3.0,344.37872,10.41,0.023,10.161,0.022,10.074,0.019,358.321075,-19.269003,8388608.0,SUSPECT_ROTATION,68.0,"VMICRO_WARN,N_M_WARN",5822.44,38.077393,3.9536695,0.031967636,10.6242285,20.455023,1.0,-0.48671,-0.48671,2.281,144763.5944366455,0.08387281745672226,142.72537189559745,487446.75640429434,0.44247963014387776,0.0007008355339302686,2.345025467191952,1.09432831421519
